{
	"name": "Copy_Tables",
	"properties": {
		"activities": [
			{
				"name": "Look for all tables",
				"type": "Lookup",
				"dependsOn": [],
				"policy": {
					"timeout": "0.12:00:00",
					"retry": 0,
					"retryIntervalInSeconds": 30,
					"secureOutput": false,
					"secureInput": false
				},
				"userProperties": [],
				"typeProperties": {
					"source": {
						"type": "SqlServerSource",
						"sqlReaderQuery": "select s.name as SchemName,\nt.name as TableName\nfrom sys.tables t\ninner join sys.schemas s\non t.schema_id = s.schema_id\nwhere s.name= 'SalesLT';",
						"queryTimeout": "02:00:00",
						"partitionOption": "None"
					},
					"dataset": {
						"referenceName": "SqlDBTables",
						"type": "DatasetReference"
					},
					"firstRowOnly": false
				}
			},
			{
				"name": "ForEach Schema Tables",
				"type": "ForEach",
				"dependsOn": [
					{
						"activity": "Look for all tables",
						"dependencyConditions": [
							"Succeeded"
						]
					}
				],
				"userProperties": [],
				"typeProperties": {
					"items": {
						"value": "@activity('Look for all tables').output.value",
						"type": "Expression"
					},
					"activities": [
						{
							"name": "Copy each tables",
							"type": "Copy",
							"dependsOn": [],
							"policy": {
								"timeout": "0.12:00:00",
								"retry": 0,
								"retryIntervalInSeconds": 30,
								"secureOutput": false,
								"secureInput": false
							},
							"userProperties": [],
							"typeProperties": {
								"source": {
									"type": "SqlServerSource",
									"sqlReaderQuery": {
										"value": "@{concat('SELECT * FROM ', item().SchemName, '.', item().TableName)}",
										"type": "Expression"
									},
									"queryTimeout": "02:00:00",
									"partitionOption": "None"
								},
								"sink": {
									"type": "ParquetSink",
									"storeSettings": {
										"type": "AzureBlobFSWriteSettings"
									},
									"formatSettings": {
										"type": "ParquetWriteSettings"
									}
								},
								"enableStaging": false,
								"translator": {
									"type": "TabularTranslator",
									"typeConversion": true,
									"typeConversionSettings": {
										"allowDataTruncation": true,
										"treatBooleanAsNumber": false
									}
								}
							},
							"inputs": [
								{
									"referenceName": "SqlServerTable_DS",
									"type": "DatasetReference"
								}
							],
							"outputs": [
								{
									"referenceName": "ParquetTables",
									"type": "DatasetReference",
									"parameters": {
										"schemaName": {
											"value": "@item().SchemName",
											"type": "Expression"
										},
										"tableNmae": {
											"value": "@item().TableName",
											"type": "Expression"
										}
									}
								}
							]
						}
					]
				}
			}
		],
		"annotations": []
	}
}